"ID","User name","Password","Phone Number","Email","Address","Gender","User Type"
A11,Hamed,Hamed123,01150030088,hamed@gmail.com,cairo,Male,coach,10,18
B21,Menna,Menna123,01150030099,menna@gmail.com,cairo,Female,customer
B22,Mona,Mona1234,01127711660,mona@gmail.com,cairo,Female,customer,,
B23,Nouran,Nouran123,01110020033,nouran@gmail.com,alex,Female,customer,,
A12,Ali,Ali12345,01120030011,ali@gmail.com,tanta,Male,coach,10,18
B24,Hanan,Hanan123,01110030011,hanan@gmail.com,alex,Female,customer,,
,admin,admin,,,,,admin,,
B25,Hagar,Hagar123,01140030022,hagar@gmail.com,cairo,Female,customer,,
B26,Nermeen,Nermeen123,01150020022,Nermeen@gmail.com,matrouh,Female,customer,,
A13,Hadeer,Hadeer123,01140080022,hadeer@gmail.com,cairo,Female,coach,10,20
B27,Omar,Omar1234,01170090011,omar@gmail.com,cairo,Male,customer,,
B28,Amir ,Amir1234,01120040011,amir@gmail.com,alex,Male,customer,,
B29,Hassan,Hassan123,01170030011,hassan@gmail.com,cairo,Male,customer,,
B210,Hanya,Hanya123,01120030088,hanya@gmail.com,alex,Female,customer,,
B211,Nour,Nour1234,01160030022,nour@gmail.com,cairo,Female,customer,,
B212,Habiba,Habiba123,01190030022,habiba@gmail.com,alex,Female,customer,,
A14,Ahmed,Ahmed123,01170030099,ahmed@gmail.com,cairo,Male,coach,10,19
A15,Radwa,Radwa123,01170090010,radwa@gmail.com,cairo,Female,coach ,9,19
B214,Amr,Amr12345,01172291100,amr@gmail.com,cairo,Female,customer,,
